Estimate,Est.Error,Q2.5,Q97.5
0.7363268819166897,0.001138236692745887,0.7339929980390736,0.7384893037244373
