Estimate,Est.Error,Q2.5,Q97.5
0.6879506873300449,0.0018512007108754912,0.6842583278812774,0.6915688606210655
