Estimate,Est.Error,Q2.5,Q97.5
0.6879130837581143,0.0018637124079095245,0.6842604084075613,0.6915728783019398
