Estimate,Est.Error,Q2.5,Q97.5
0.6547208697231058,0.0015494270735506256,0.6516435340669159,0.6576979111000304
