Estimate,Est.Error,Q2.5,Q97.5
0.6546743646501021,0.0015458790543251219,0.6516139022367722,0.6577253069580767
