Estimate,Est.Error,Q2.5,Q97.5
0.6546968257740461,0.0015635765109770505,0.6516902714618872,0.6577705845585021
