Estimate,Est.Error,Q2.5,Q97.5
0.649777189701561,0.0015381046122851258,0.6467455307636754,0.652781468923232
