source,magnitude,text,Q2.5,Q97.5
glacier,-0.013004874926100555,Degrees C per year,-0.2182563508836813,0.18826488218458426
sub_ice,0.05198563137010631,Degrees C per year,-0.3494346455027645,0.44242720879468866
snowmelt,0.3056282845478788,Degrees C per year,-0.14417439126054996,0.7388903836460304
