source,magnitude,text,Q2.5,Q97.5
glacier,0.014914973026690717,Degrees C per year,-0.2024250928848133,0.23799304990842657
sub_ice,0.061997173754221833,Degrees C per year,-0.38002313858207964,0.5058753669595044
snowmelt,0.32297301744324175,Degrees C per year,-0.17280616538407934,0.7845354120324749
