source,magnitude,text,Q2.5,Q97.5
glacier,0.08680172282682524,Degrees C per year,-0.20917320959241073,0.3712772499965344
sub_ice,0.05263578792774274,Degrees C per year,-0.6200311193316916,0.7200258500630647
snowmelt,0.546314281133507,Degrees C per year,-0.1451385666681354,1.22311950261236
