source,magnitude,text,Q2.5,Q97.5
glacier,0.0833986066293906,Degrees C per year,-0.20818462988672262,0.37122731623241756
sub_ice,0.06491125187957111,Degrees C per year,-0.5824192622352942,0.7233639928280935
snowmelt,0.539452132012133,Degrees C per year,-0.14972022845006347,1.2185495856904183
